<manifest><control namespace="orb" constructor="PowerKanban" version="1.0.39" display-name-key="PowerKanban" description-key="Advanced Kanban for D365 datasets" control-type="virtual" api-version="1.3.5"><external-service-usage enabled="false" /><data-set name="primaryDataSet" display-name-key="Primary Data Set" cds-data-set-options="displayCommandBar:true;displayViewSelector:true;displayQuickFind:false" /><property name="configName" display-name-key="configName" description-key="Unique name of the powerkanban config to use by default. Opens the config selector on load if not passed" of-type="SingleLine.Text" usage="input" required="false" /><property name="licenseKey" display-name-key="licenseKey" description-key="License key for using the PCF without any limits" of-type="Multiple" usage="input" required="false" /><resources><code path="bundle.js" order="1" /><platform-library name="React" version="16.8.6" /><platform-library name="Fluent" version="8.29.0" /></resources><feature-usage><uses-feature name="WebAPI" required="true" /><uses-feature name="Utility" required="true" /></feature-usage><built-by name="pac" version="1.22.2" /></control></manifest>